,num,1,2,3,4,5,6,bonus
963,1,10,23.0,29.0,33.0,37.0,40.0,16
962,2,9,13.0,21.0,25.0,32.0,42.0,2
961,3,11,16.0,19.0,21.0,27.0,31.0,30
960,4,14,27.0,30.0,31.0,40.0,42.0,2
959,5,16,24.0,29.0,40.0,41.0,42.0,3
958,6,14,15.0,26.0,27.0,40.0,42.0,34
957,7,2,9.0,16.0,25.0,26.0,40.0,42
956,8,8,19.0,25.0,34.0,37.0,39.0,9
955,9,2,4.0,16.0,17.0,36.0,39.0,14
954,10,9,25.0,30.0,33.0,41.0,44.0,6
953,11,1,7.0,36.0,37.0,41.0,42.0,14
952,12,2,11.0,21.0,25.0,39.0,45.0,44
951,13,22,23.0,25.0,37.0,38.0,42.0,26
950,14,2,6.0,12.0,31.0,33.0,40.0,15
949,15,3,4.0,16.0,30.0,31.0,37.0,13
948,16,6,7.0,24.0,37.0,38.0,40.0,33
947,17,3,4.0,9.0,17.0,32.0,37.0,1
946,18,3,12.0,13.0,19.0,32.0,35.0,29
945,19,6,30.0,38.0,39.0,40.0,43.0,26
944,20,10,14.0,18.0,20.0,23.0,30.0,41
943,21,6,12.0,17.0,18.0,31.0,32.0,21
942,22,4,5.0,6.0,8.0,17.0,39.0,25
941,23,5,13.0,17.0,18.0,33.0,42.0,44
940,24,7,8.0,27.0,29.0,36.0,43.0,6
939,25,2,4.0,21.0,26.0,43.0,44.0,16
938,26,4,5.0,7.0,18.0,20.0,25.0,31
937,27,1,20.0,26.0,28.0,37.0,43.0,27
936,28,9,18.0,23.0,25.0,35.0,37.0,1
935,29,1,5.0,13.0,34.0,39.0,40.0,11
934,30,8,17.0,20.0,35.0,36.0,44.0,4
933,31,7,9.0,18.0,23.0,28.0,35.0,32
932,32,6,14.0,19.0,25.0,34.0,44.0,11
931,33,4,7.0,32.0,33.0,40.0,41.0,9
930,34,9,26.0,35.0,37.0,40.0,42.0,2
929,35,2,3.0,11.0,26.0,37.0,43.0,39
928,36,1,10.0,23.0,26.0,28.0,40.0,31
927,37,7,27.0,30.0,33.0,35.0,37.0,42
926,38,16,17.0,22.0,30.0,37.0,43.0,36
925,39,6,7.0,13.0,15.0,21.0,43.0,8
924,40,7,13.0,18.0,19.0,25.0,26.0,6
923,41,13,20.0,23.0,35.0,38.0,43.0,34
922,42,17,18.0,19.0,21.0,23.0,32.0,1
921,43,6,31.0,35.0,38.0,39.0,44.0,1
920,44,3,11.0,21.0,30.0,38.0,45.0,39
919,45,1,10.0,20.0,27.0,33.0,35.0,17
918,46,8,13.0,15.0,23.0,31.0,38.0,39
917,47,14,17.0,26.0,31.0,36.0,45.0,27
916,48,6,10.0,18.0,26.0,37.0,38.0,3
915,49,4,7.0,16.0,19.0,33.0,40.0,30
914,50,2,10.0,12.0,15.0,22.0,44.0,1
913,51,2,3.0,11.0,16.0,26.0,44.0,35
912,52,2,4.0,15.0,16.0,20.0,29.0,1
911,53,7,8.0,14.0,32.0,33.0,39.0,42
910,54,1,8.0,21.0,27.0,36.0,39.0,37
909,55,17,21.0,31.0,37.0,40.0,44.0,7
908,56,10,14.0,30.0,31.0,33.0,37.0,19
907,57,7,10.0,16.0,25.0,29.0,44.0,6
906,58,10,24.0,25.0,33.0,40.0,44.0,1
905,59,6,29.0,36.0,39.0,41.0,45.0,13
904,60,2,8.0,25.0,36.0,39.0,42.0,11
903,61,14,15.0,19.0,30.0,38.0,43.0,8
902,62,3,8.0,15.0,27.0,29.0,35.0,21
901,63,3,20.0,23.0,36.0,38.0,40.0,5
900,64,14,15.0,18.0,21.0,26.0,36.0,39
899,65,4,25.0,33.0,36.0,40.0,43.0,39
898,66,2,3.0,7.0,17.0,22.0,24.0,45
897,67,3,7.0,10.0,15.0,36.0,38.0,33
896,68,10,12.0,15.0,16.0,26.0,39.0,38
895,69,5,8.0,14.0,15.0,19.0,39.0,35
894,70,5,19.0,22.0,25.0,28.0,43.0,26
893,71,5,9.0,12.0,16.0,29.0,41.0,21
892,72,2,4.0,11.0,17.0,26.0,27.0,1
891,73,3,12.0,18.0,32.0,40.0,43.0,38
890,74,6,15.0,17.0,18.0,35.0,40.0,23
889,75,2,5.0,24.0,32.0,34.0,44.0,28
888,76,1,3.0,15.0,22.0,25.0,37.0,43
887,77,2,18.0,29.0,32.0,43.0,44.0,37
886,78,10,13.0,25.0,29.0,33.0,35.0,38
885,79,3,12.0,24.0,27.0,30.0,32.0,14
884,80,17,18.0,24.0,25.0,26.0,30.0,1
883,81,5,7.0,11.0,13.0,20.0,33.0,6
882,82,1,2.0,3.0,14.0,27.0,42.0,39
881,83,6,10.0,15.0,17.0,19.0,34.0,14
880,84,16,23.0,27.0,34.0,42.0,45.0,11
879,85,6,8.0,13.0,23.0,31.0,36.0,21
878,86,2,12.0,37.0,39.0,41.0,45.0,33
877,87,4,12.0,16.0,23.0,34.0,43.0,26
876,88,1,17.0,20.0,24.0,30.0,41.0,27
875,89,4,26.0,28.0,29.0,33.0,40.0,37
874,90,17,20.0,29.0,35.0,38.0,44.0,10
873,91,1,21.0,24.0,26.0,29.0,42.0,27
872,92,3,14.0,24.0,33.0,35.0,36.0,17
871,93,6,22.0,24.0,36.0,38.0,44.0,19
870,94,5,32.0,34.0,40.0,41.0,45.0,6
869,95,8,17.0,27.0,31.0,34.0,43.0,14
868,96,1,3.0,8.0,21.0,22.0,31.0,20
867,97,6,7.0,14.0,15.0,20.0,36.0,3
866,98,6,9.0,16.0,23.0,24.0,32.0,43
865,99,1,3.0,10.0,27.0,29.0,37.0,11
864,100,1,7.0,11.0,23.0,37.0,42.0,6
863,101,1,3.0,17.0,32.0,35.0,45.0,8
862,102,17,22.0,24.0,26.0,35.0,40.0,42
861,103,5,14.0,15.0,27.0,30.0,45.0,10
860,104,17,32.0,33.0,34.0,42.0,44.0,35
859,105,8,10.0,20.0,34.0,41.0,45.0,28
858,106,4,10.0,12.0,22.0,24.0,33.0,29
857,107,1,4.0,5.0,6.0,9.0,31.0,17
856,108,7,18.0,22.0,23.0,29.0,44.0,12
855,109,1,5.0,34.0,36.0,42.0,44.0,33
854,110,7,20.0,22.0,23.0,29.0,43.0,1
853,111,7,18.0,31.0,33.0,36.0,40.0,27
852,112,26,29.0,30.0,33.0,41.0,42.0,43
851,113,4,9.0,28.0,33.0,36.0,45.0,26
850,114,11,14.0,19.0,26.0,28.0,41.0,2
849,115,1,2.0,6.0,9.0,25.0,28.0,31
848,116,2,4.0,25.0,31.0,34.0,37.0,17
847,117,5,10.0,22.0,34.0,36.0,44.0,35
846,118,3,4.0,10.0,17.0,19.0,22.0,38
845,119,3,11.0,13.0,14.0,17.0,21.0,38
844,120,4,6.0,10.0,11.0,32.0,37.0,30
843,121,12,28.0,30.0,34.0,38.0,43.0,9
842,122,1,11.0,16.0,17.0,36.0,40.0,8
841,123,7,17.0,18.0,28.0,30.0,45.0,27
840,124,4,16.0,23.0,25.0,29.0,42.0,1
839,125,2,8.0,32.0,33.0,35.0,36.0,18
838,126,7,20.0,22.0,27.0,40.0,43.0,1
837,127,3,5.0,10.0,29.0,32.0,43.0,35
836,128,12,30.0,34.0,36.0,37.0,45.0,39
835,129,19,23.0,25.0,28.0,38.0,42.0,17
834,130,7,19.0,24.0,27.0,42.0,45.0,31
833,131,8,10.0,11.0,14.0,15.0,21.0,37
832,132,3,17.0,23.0,34.0,41.0,45.0,43
831,133,4,7.0,15.0,18.0,23.0,26.0,13
830,134,3,12.0,20.0,23.0,31.0,35.0,43
829,135,6,14.0,22.0,28.0,35.0,39.0,16
828,136,2,16.0,30.0,36.0,41.0,42.0,11
827,137,7,9.0,20.0,25.0,36.0,39.0,15
826,138,10,11.0,27.0,28.0,37.0,39.0,19
825,139,9,11.0,15.0,20.0,28.0,43.0,13
824,140,3,13.0,17.0,18.0,19.0,28.0,8
823,141,8,12.0,29.0,31.0,42.0,43.0,2
822,142,12,16.0,30.0,34.0,40.0,44.0,19
821,143,26,27.0,28.0,42.0,43.0,45.0,8
820,144,4,15.0,17.0,26.0,36.0,37.0,43
819,145,2,3.0,13.0,20.0,27.0,44.0,9
818,146,2,19.0,27.0,35.0,41.0,42.0,25
817,147,4,6.0,13.0,21.0,40.0,42.0,36
816,148,21,25.0,33.0,34.0,35.0,36.0,17
815,149,2,11.0,21.0,34.0,41.0,42.0,27
814,150,2,18.0,25.0,28.0,37.0,39.0,16
813,151,1,2.0,10.0,13.0,18.0,19.0,15
812,152,1,5.0,13.0,26.0,29.0,34.0,43
811,153,3,8.0,11.0,12.0,13.0,36.0,33
810,154,6,19.0,21.0,35.0,40.0,45.0,20
809,155,16,19.0,20.0,32.0,33.0,41.0,4
808,156,5,18.0,28.0,30.0,42.0,45.0,2
807,157,19,26.0,30.0,33.0,35.0,39.0,37
806,158,4,9.0,13.0,18.0,21.0,34.0,7
805,159,1,18.0,30.0,41.0,42.0,43.0,32
804,160,3,7.0,8.0,34.0,39.0,41.0,1
803,161,22,34.0,36.0,40.0,42.0,45.0,44
802,162,1,5.0,21.0,25.0,38.0,41.0,24
801,163,7,11.0,26.0,28.0,29.0,44.0,16
800,164,6,9.0,10.0,11.0,39.0,41.0,27
799,165,5,13.0,18.0,19.0,22.0,42.0,31
798,166,9,12.0,27.0,36.0,39.0,45.0,14
797,167,24,27.0,28.0,30.0,36.0,39.0,4
796,168,3,10.0,31.0,40.0,42.0,43.0,30
795,169,16,27.0,35.0,37.0,43.0,45.0,19
794,170,2,11.0,13.0,15.0,31.0,42.0,10
793,171,4,16.0,25.0,29.0,34.0,35.0,1
792,172,4,19.0,21.0,24.0,26.0,41.0,35
791,173,3,9.0,24.0,30.0,33.0,34.0,18
790,174,13,14.0,18.0,22.0,35.0,39.0,16
789,175,19,26.0,28.0,31.0,33.0,36.0,17
788,176,4,17.0,30.0,32.0,33.0,34.0,15
787,177,1,10.0,13.0,16.0,37.0,43.0,6
786,178,1,5.0,11.0,12.0,18.0,23.0,9
785,179,5,9.0,17.0,25.0,39.0,43.0,32
784,180,2,15.0,20.0,21.0,29.0,34.0,22
783,181,14,21.0,23.0,32.0,40.0,45.0,44
782,182,13,15.0,27.0,29.0,34.0,40.0,35
781,183,2,18.0,24.0,34.0,40.0,42.0,5
780,184,1,2.0,6.0,16.0,20.0,33.0,41
779,185,1,2.0,4.0,8.0,19.0,38.0,14
778,186,4,10.0,14.0,19.0,21.0,45.0,9
777,187,1,2.0,8.0,18.0,29.0,38.0,42
776,188,19,24.0,27.0,30.0,31.0,34.0,36
775,189,8,14.0,32.0,35.0,37.0,45.0,28
774,190,8,14.0,18.0,30.0,31.0,44.0,15
773,191,5,6.0,24.0,25.0,32.0,37.0,8
772,192,4,8.0,11.0,18.0,37.0,45.0,33
771,193,6,14.0,18.0,26.0,36.0,39.0,13
770,194,15,20.0,23.0,26.0,39.0,44.0,28
769,195,7,10.0,19.0,22.0,35.0,40.0,31
768,196,35,36.0,37.0,41.0,44.0,45.0,30
767,197,7,12.0,16.0,34.0,42.0,45.0,4
766,198,12,19.0,20.0,25.0,41.0,45.0,2
765,199,14,21.0,22.0,25.0,30.0,36.0,43
764,200,5,6.0,13.0,14.0,17.0,20.0,7
763,201,3,11.0,24.0,38.0,39.0,44.0,26
762,202,12,14.0,27.0,33.0,39.0,44.0,17
761,203,1,3.0,11.0,24.0,30.0,32.0,7
760,204,3,12.0,14.0,35.0,40.0,45.0,5
759,205,1,3.0,21.0,29.0,35.0,37.0,30
758,206,1,2.0,3.0,15.0,20.0,25.0,43
757,207,3,11.0,14.0,31.0,32.0,37.0,38
756,208,14,25.0,31.0,34.0,40.0,44.0,24
755,209,2,7.0,18.0,20.0,24.0,33.0,37
754,210,10,19.0,22.0,23.0,25.0,37.0,39
753,211,12,13.0,17.0,20.0,33.0,41.0,8
752,212,11,12.0,18.0,21.0,31.0,38.0,8
751,213,2,3.0,4.0,5.0,20.0,24.0,42
750,214,5,7.0,20.0,25.0,28.0,37.0,32
749,215,2,3.0,7.0,15.0,43.0,44.0,4
748,216,7,16.0,17.0,33.0,36.0,40.0,1
747,217,16,20.0,27.0,33.0,35.0,39.0,38
746,218,1,8.0,14.0,18.0,29.0,44.0,20
745,219,4,11.0,20.0,26.0,35.0,37.0,16
744,220,5,11.0,19.0,21.0,34.0,43.0,31
743,221,2,20.0,33.0,35.0,37.0,40.0,10
742,222,5,7.0,28.0,29.0,39.0,43.0,44
741,223,1,3.0,18.0,20.0,26.0,27.0,38
740,224,4,19.0,26.0,27.0,30.0,42.0,7
739,225,5,11.0,13.0,19.0,31.0,36.0,7
738,226,2,6.0,8.0,14.0,21.0,22.0,34
737,227,4,5.0,15.0,16.0,22.0,42.0,2
736,228,17,25.0,35.0,36.0,39.0,44.0,23
735,229,4,5.0,9.0,11.0,23.0,38.0,35
734,230,5,11.0,14.0,29.0,32.0,33.0,12
733,231,5,10.0,19.0,31.0,44.0,45.0,27
732,232,8,9.0,10.0,12.0,24.0,44.0,35
731,233,4,6.0,13.0,17.0,28.0,40.0,39
730,234,13,21.0,22.0,24.0,26.0,37.0,4
729,235,21,22.0,26.0,27.0,31.0,37.0,8
728,236,1,4.0,8.0,13.0,37.0,39.0,7
727,237,1,11.0,17.0,21.0,24.0,44.0,33
726,238,2,4.0,15.0,28.0,31.0,34.0,35
725,239,11,15.0,24.0,39.0,41.0,44.0,7
724,240,6,10.0,16.0,40.0,41.0,43.0,21
723,241,2,16.0,24.0,27.0,28.0,35.0,21
722,242,4,19.0,20.0,21.0,32.0,34.0,43
721,243,2,12.0,17.0,19.0,28.0,42.0,34
720,244,13,16.0,25.0,36.0,37.0,38.0,19
719,245,9,11.0,27.0,31.0,32.0,38.0,22
718,246,13,18.0,21.0,23.0,26.0,39.0,15
717,247,12,15.0,28.0,36.0,39.0,40.0,13
716,248,3,8.0,17.0,23.0,38.0,45.0,13
715,249,3,8.0,27.0,31.0,41.0,44.0,11
714,250,19,23.0,30.0,37.0,43.0,45.0,38
713,251,6,7.0,19.0,25.0,28.0,38.0,45
712,252,14,23.0,26.0,31.0,39.0,45.0,28
711,253,8,19.0,25.0,31.0,34.0,36.0,33
710,254,1,5.0,19.0,20.0,24.0,30.0,27
709,255,1,5.0,6.0,24.0,27.0,42.0,32
708,256,4,11.0,14.0,21.0,23.0,43.0,32
707,257,6,13.0,27.0,31.0,32.0,37.0,4
706,258,14,27.0,30.0,31.0,38.0,40.0,17
705,259,4,5.0,14.0,35.0,42.0,45.0,34
704,260,7,12.0,15.0,24.0,37.0,40.0,43
703,261,6,11.0,16.0,18.0,31.0,43.0,2
702,262,9,12.0,24.0,25.0,29.0,31.0,36
701,263,1,27.0,28.0,32.0,37.0,40.0,18
700,264,9,16.0,27.0,36.0,41.0,44.0,5
699,265,5,9.0,34.0,37.0,38.0,39.0,12
698,266,3,4.0,9.0,11.0,22.0,42.0,37
697,267,7,8.0,24.0,34.0,36.0,41.0,1
696,268,3,10.0,19.0,24.0,32.0,45.0,12
695,269,5,18.0,20.0,36.0,42.0,43.0,32
694,270,5,9.0,12.0,20.0,21.0,26.0,27
693,271,3,8.0,9.0,27.0,29.0,40.0,36
692,272,7,9.0,12.0,27.0,39.0,43.0,28
691,273,1,8.0,24.0,31.0,34.0,44.0,6
690,274,13,14.0,15.0,26.0,35.0,39.0,25
689,275,14,19.0,20.0,35.0,38.0,40.0,26
688,276,4,15.0,21.0,33.0,39.0,41.0,25
687,277,10,12.0,13.0,15.0,25.0,29.0,20
686,278,3,11.0,37.0,39.0,41.0,43.0,13
685,279,7,16.0,31.0,36.0,37.0,38.0,11
684,280,10,11.0,23.0,24.0,36.0,37.0,35
683,281,1,3.0,4.0,6.0,14.0,41.0,12
682,282,2,5.0,10.0,18.0,31.0,32.0,30
681,283,6,8.0,18.0,31.0,38.0,45.0,42
680,284,2,7.0,15.0,24.0,30.0,45.0,28
679,285,13,33.0,37.0,40.0,41.0,45.0,2
678,286,1,15.0,19.0,40.0,42.0,44.0,17
677,287,6,12.0,24.0,27.0,35.0,37.0,41
676,288,1,12.0,17.0,28.0,35.0,41.0,10
675,289,3,14.0,33.0,37.0,38.0,42.0,10
674,290,8,13.0,18.0,32.0,39.0,45.0,7
673,291,3,7.0,8.0,18.0,20.0,42.0,45
672,292,17,18.0,31.0,32.0,33.0,34.0,10
671,293,1,9.0,17.0,21.0,29.0,33.0,24
670,294,6,10.0,17.0,30.0,37.0,38.0,40
669,295,1,4.0,12.0,16.0,18.0,38.0,8
668,296,3,8.0,15.0,27.0,30.0,45.0,44
667,297,6,11.0,19.0,20.0,28.0,32.0,34
666,298,5,9.0,27.0,29.0,37.0,40.0,19
665,299,1,3.0,20.0,25.0,36.0,45.0,24
664,300,7,9.0,10.0,12.0,26.0,38.0,39
663,301,7,11.0,13.0,33.0,37.0,43.0,26
662,302,13,19.0,20.0,32.0,38.0,42.0,4
661,303,2,14.0,17.0,30.0,38.0,45.0,43
660,304,4,10.0,16.0,26.0,33.0,41.0,38
659,305,7,8.0,18.0,21.0,23.0,39.0,9
658,306,4,18.0,23.0,30.0,34.0,41.0,19
657,307,5,15.0,21.0,23.0,25.0,45.0,12
656,308,14,15.0,17.0,19.0,37.0,45.0,40
655,309,1,2.0,5.0,11.0,18.0,36.0,22
654,310,1,5.0,19.0,28.0,34.0,41.0,16
653,311,4,12.0,24.0,27.0,28.0,32.0,10
652,312,2,3.0,5.0,6.0,12.0,20.0,25
651,313,9,17.0,34.0,35.0,43.0,45.0,2
650,314,15,17.0,19.0,34.0,38.0,41.0,2
649,315,1,13.0,33.0,35.0,43.0,45.0,23
648,316,10,11.0,21.0,27.0,31.0,39.0,43
647,317,3,10.0,11.0,22.0,36.0,39.0,8
646,318,2,17.0,19.0,20.0,34.0,45.0,21
645,319,5,8.0,22.0,28.0,33.0,42.0,37
644,320,16,19.0,23.0,25.0,41.0,45.0,3
643,321,12,18.0,20.0,21.0,25.0,34.0,42
642,322,9,18.0,29.0,32.0,38.0,43.0,20
641,323,10,14.0,15.0,32.0,36.0,42.0,3
640,324,2,4.0,21.0,25.0,33.0,36.0,17
639,325,7,17.0,20.0,32.0,44.0,45.0,33
638,326,16,23.0,25.0,33.0,36.0,39.0,40
637,327,6,12.0,13.0,17.0,32.0,44.0,24
636,328,1,6.0,9.0,16.0,17.0,28.0,24
635,329,9,17.0,19.0,30.0,35.0,42.0,4
634,330,3,4.0,16.0,17.0,19.0,20.0,23
633,331,4,9.0,14.0,26.0,31.0,44.0,39
632,332,16,17.0,34.0,36.0,42.0,45.0,3
631,333,5,14.0,27.0,30.0,39.0,43.0,35
630,334,13,15.0,21.0,29.0,39.0,43.0,33
629,335,5,9.0,16.0,23.0,26.0,45.0,21
628,336,3,5.0,20.0,34.0,35.0,44.0,16
627,337,1,5.0,14.0,18.0,32.0,37.0,4
626,338,2,13.0,34.0,38.0,42.0,45.0,16
625,339,6,8.0,14.0,21.0,30.0,37.0,45
624,340,18,24.0,26.0,29.0,34.0,38.0,32
623,341,1,8.0,19.0,34.0,39.0,43.0,41
622,342,1,13.0,14.0,33.0,34.0,43.0,25
621,343,1,10.0,17.0,29.0,31.0,43.0,15
620,344,1,2.0,15.0,28.0,34.0,45.0,38
619,345,15,20.0,23.0,29.0,39.0,42.0,2
618,346,5,13.0,14.0,22.0,44.0,45.0,33
617,347,3,8.0,13.0,27.0,32.0,42.0,10
616,348,3,14.0,17.0,20.0,24.0,31.0,34
615,349,5,13.0,14.0,20.0,24.0,25.0,36
614,350,1,8.0,18.0,24.0,29.0,33.0,35
613,351,5,25.0,27.0,29.0,34.0,36.0,33
612,352,5,16.0,17.0,20.0,26.0,41.0,24
611,353,11,16.0,19.0,22.0,29.0,36.0,26
610,354,14,19.0,36.0,43.0,44.0,45.0,1
609,355,5,8.0,29.0,30.0,35.0,44.0,38
608,356,2,8.0,14.0,25.0,29.0,45.0,24
607,357,10,14.0,18.0,21.0,36.0,37.0,5
606,358,1,9.0,10.0,12.0,21.0,40.0,37
605,359,1,10.0,19.0,20.0,24.0,40.0,23
604,360,4,16.0,23.0,25.0,35.0,40.0,27
603,361,5,10.0,16.0,24.0,27.0,35.0,33
602,362,2,3.0,22.0,27.0,30.0,40.0,29
601,363,11,12.0,14.0,21.0,32.0,38.0,6
600,364,2,5.0,7.0,14.0,16.0,40.0,4
599,365,5,15.0,21.0,25.0,26.0,30.0,31
598,366,5,12.0,19.0,26.0,27.0,44.0,38
597,367,3,22.0,25.0,29.0,32.0,44.0,19
596,368,11,21.0,24.0,30.0,39.0,45.0,26
595,369,17,20.0,35.0,36.0,41.0,43.0,21
594,370,16,18.0,24.0,42.0,44.0,45.0,17
593,371,7,9.0,15.0,26.0,27.0,42.0,18
592,372,8,11.0,14.0,16.0,18.0,21.0,13
591,373,15,26.0,37.0,42.0,43.0,45.0,9
590,374,11,13.0,15.0,17.0,25.0,34.0,26
589,375,4,8.0,19.0,25.0,27.0,45.0,7
588,376,1,11.0,13.0,24.0,28.0,40.0,7
587,377,6,22.0,29.0,37.0,43.0,45.0,23
586,378,5,22.0,29.0,31.0,34.0,39.0,43
585,379,6,10.0,22.0,31.0,35.0,40.0,19
584,380,1,2.0,8.0,17.0,26.0,37.0,27
583,381,1,5.0,10.0,12.0,16.0,20.0,11
582,382,10,15.0,22.0,24.0,27.0,42.0,19
581,383,4,15.0,28.0,33.0,37.0,40.0,25
580,384,11,22.0,24.0,32.0,36.0,38.0,7
579,385,7,12.0,19.0,21.0,29.0,32.0,9
578,386,4,7.0,10.0,19.0,31.0,40.0,26
577,387,1,26.0,31.0,34.0,40.0,43.0,20
576,388,1,8.0,9.0,17.0,29.0,32.0,45
575,389,7,16.0,18.0,20.0,23.0,26.0,3
574,390,16,17.0,28.0,37.0,39.0,40.0,15
573,391,10,11.0,18.0,22.0,28.0,39.0,30
572,392,1,3.0,7.0,8.0,24.0,42.0,43
571,393,9,16.0,28.0,40.0,41.0,43.0,21
570,394,1,13.0,20.0,22.0,25.0,28.0,15
569,395,11,15.0,20.0,26.0,31.0,35.0,7
568,396,18,20.0,31.0,34.0,40.0,45.0,30
567,397,12,13.0,17.0,22.0,25.0,33.0,8
566,398,10,15.0,20.0,23.0,42.0,44.0,7
565,399,1,2.0,9.0,17.0,19.0,42.0,20
564,400,9,21.0,27.0,34.0,41.0,43.0,2
563,401,6,12.0,18.0,31.0,38.0,43.0,9
562,402,5,9.0,15.0,19.0,22.0,36.0,32
561,403,10,14.0,22.0,24.0,28.0,37.0,26
560,404,5,20.0,21.0,24.0,33.0,40.0,36
559,405,1,2.0,10.0,25.0,26.0,44.0,4
558,406,7,12.0,21.0,24.0,27.0,36.0,45
557,407,6,7.0,13.0,16.0,24.0,25.0,1
556,408,9,20.0,21.0,22.0,30.0,37.0,16
555,409,6,9.0,21.0,31.0,32.0,40.0,38
554,410,1,3.0,18.0,32.0,40.0,41.0,16
553,411,11,14.0,22.0,35.0,37.0,39.0,5
552,412,4,7.0,39.0,41.0,42.0,45.0,40
551,413,2,9.0,15.0,23.0,34.0,40.0,3
550,414,2,14.0,15.0,22.0,23.0,44.0,43
549,415,7,17.0,20.0,26.0,30.0,40.0,24
548,416,5,6.0,8.0,11.0,22.0,26.0,44
547,417,4,5.0,14.0,20.0,22.0,43.0,44
546,418,11,13.0,15.0,26.0,28.0,34.0,31
545,419,2,11.0,13.0,14.0,28.0,30.0,7
544,420,4,9.0,10.0,29.0,31.0,34.0,27
543,421,6,11.0,26.0,27.0,28.0,44.0,30
542,422,8,15.0,19.0,21.0,34.0,44.0,12
541,423,1,17.0,27.0,28.0,29.0,40.0,5
540,424,10,11.0,26.0,31.0,34.0,44.0,30
539,425,8,10.0,14.0,27.0,33.0,38.0,3
538,426,4,17.0,18.0,27.0,39.0,43.0,19
537,427,6,7.0,15.0,24.0,28.0,30.0,21
536,428,12,16.0,19.0,22.0,37.0,40.0,8
535,429,3,23.0,28.0,34.0,39.0,42.0,16
534,430,1,3.0,16.0,18.0,30.0,34.0,44
533,431,18,22.0,25.0,31.0,38.0,45.0,6
532,432,2,3.0,5.0,11.0,27.0,39.0,33
531,433,19,23.0,29.0,33.0,35.0,43.0,27
530,434,3,13.0,20.0,24.0,33.0,37.0,35
529,435,8,16.0,26.0,30.0,38.0,45.0,42
528,436,9,14.0,20.0,22.0,33.0,34.0,28
527,437,11,16.0,29.0,38.0,41.0,44.0,21
526,438,6,12.0,20.0,26.0,29.0,38.0,45
525,439,17,20.0,30.0,31.0,37.0,40.0,25
524,440,10,22.0,28.0,34.0,36.0,44.0,2
523,441,1,23.0,28.0,30.0,34.0,35.0,9
522,442,25,27.0,29.0,36.0,38.0,40.0,41
521,443,4,6.0,10.0,19.0,20.0,44.0,14
520,444,11,13.0,23.0,35.0,43.0,45.0,17
519,445,13,20.0,21.0,30.0,39.0,45.0,32
518,446,1,11.0,12.0,14.0,26.0,35.0,6
517,447,2,7.0,8.0,9.0,17.0,33.0,34
516,448,3,7.0,13.0,27.0,40.0,41.0,36
515,449,3,10.0,20.0,26.0,35.0,43.0,36
514,450,6,14.0,19.0,21.0,23.0,31.0,13
513,451,12,15.0,20.0,24.0,30.0,38.0,29
512,452,8,10.0,18.0,30.0,32.0,34.0,27
511,453,12,24.0,33.0,38.0,40.0,42.0,30
510,454,13,25.0,27.0,34.0,38.0,41.0,10
509,455,4,19.0,20.0,26.0,30.0,35.0,24
508,456,1,7.0,12.0,18.0,23.0,27.0,44
507,457,8,10.0,18.0,23.0,27.0,40.0,33
506,458,4,9.0,10.0,32.0,36.0,40.0,18
505,459,4,6.0,10.0,14.0,25.0,40.0,12
504,460,8,11.0,28.0,30.0,43.0,45.0,41
503,461,11,18.0,26.0,31.0,37.0,40.0,43
502,462,3,20.0,24.0,32.0,37.0,45.0,4
501,463,23,29.0,31.0,33.0,34.0,44.0,40
500,464,6,12.0,15.0,34.0,42.0,44.0,4
499,465,1,8.0,11.0,13.0,22.0,38.0,31
498,466,4,10.0,13.0,23.0,32.0,44.0,20
497,467,2,12.0,14.0,17.0,24.0,40.0,39
496,468,8,13.0,15.0,28.0,37.0,43.0,17
495,469,4,21.0,22.0,34.0,37.0,38.0,33
494,470,10,16.0,20.0,39.0,41.0,42.0,27
493,471,6,13.0,29.0,37.0,39.0,41.0,43
492,472,16,25.0,26.0,31.0,36.0,43.0,44
491,473,8,13.0,20.0,22.0,23.0,36.0,34
490,474,4,13.0,18.0,31.0,33.0,45.0,43
489,475,1,9.0,14.0,16.0,21.0,29.0,3
488,476,9,12.0,13.0,15.0,37.0,38.0,27
487,477,14,25.0,29.0,32.0,33.0,45.0,37
486,478,18,29.0,30.0,37.0,39.0,43.0,8
485,479,8,23.0,25.0,27.0,35.0,44.0,24
484,480,3,5.0,10.0,17.0,30.0,31.0,16
483,481,3,4.0,23.0,29.0,40.0,41.0,20
482,482,1,10.0,16.0,24.0,25.0,35.0,43
481,483,12,15.0,19.0,22.0,28.0,34.0,5
480,484,1,3.0,27.0,28.0,32.0,45.0,11
479,485,17,22.0,26.0,27.0,36.0,39.0,20
478,486,1,2.0,23.0,25.0,38.0,40.0,43
477,487,4,8.0,25.0,27.0,37.0,41.0,21
476,488,2,8.0,17.0,30.0,31.0,38.0,25
475,489,2,4.0,8.0,15.0,20.0,27.0,11
474,490,2,7.0,26.0,29.0,40.0,43.0,42
473,491,8,17.0,35.0,36.0,39.0,42.0,4
472,492,22,27.0,31.0,35.0,37.0,40.0,42
471,493,20,22.0,26.0,33.0,36.0,37.0,25
470,494,5,7.0,8.0,15.0,30.0,43.0,22
469,495,4,13.0,22.0,27.0,34.0,44.0,6
468,496,4,13.0,20.0,29.0,36.0,41.0,39
467,497,19,20.0,23.0,24.0,43.0,44.0,13
466,498,13,14.0,24.0,32.0,39.0,41.0,3
465,499,5,20.0,23.0,27.0,35.0,40.0,43
464,500,3,4.0,12.0,20.0,24.0,34.0,41
463,501,1,4.0,10.0,17.0,31.0,42.0,2
462,502,6,22.0,28.0,32.0,34.0,40.0,26
461,503,1,5.0,27.0,30.0,34.0,36.0,40
460,504,6,14.0,22.0,26.0,43.0,44.0,31
459,505,7,20.0,22.0,25.0,38.0,40.0,44
458,506,6,9.0,11.0,22.0,24.0,30.0,31
457,507,12,13.0,32.0,33.0,40.0,41.0,4
456,508,5,27.0,31.0,34.0,35.0,43.0,37
455,509,12,25.0,29.0,35.0,42.0,43.0,24
454,510,12,29.0,32.0,33.0,39.0,40.0,42
453,511,3,7.0,14.0,23.0,26.0,42.0,24
452,512,4,5.0,9.0,13.0,26.0,27.0,1
451,513,5,8.0,21.0,23.0,27.0,33.0,12
450,514,1,15.0,20.0,26.0,35.0,42.0,9
449,515,2,11.0,12.0,15.0,23.0,37.0,8
448,516,2,8.0,23.0,41.0,43.0,44.0,30
447,517,1,9.0,12.0,28.0,36.0,41.0,10
446,518,14,23.0,30.0,32.0,34.0,38.0,6
445,519,6,8.0,13.0,16.0,30.0,43.0,3
444,520,4,22.0,27.0,28.0,38.0,40.0,1
443,521,3,7.0,18.0,29.0,32.0,36.0,19
442,522,4,5.0,13.0,14.0,37.0,41.0,11
441,523,1,4.0,37.0,38.0,40.0,45.0,7
440,524,10,11.0,29.0,38.0,41.0,45.0,21
439,525,11,23.0,26.0,29.0,39.0,44.0,22
438,526,7,14.0,17.0,20.0,35.0,39.0,31
437,527,1,12.0,22.0,32.0,33.0,42.0,38
436,528,5,17.0,25.0,31.0,39.0,40.0,10
435,529,18,20.0,24.0,27.0,31.0,42.0,39
434,530,16,23.0,27.0,29.0,33.0,41.0,22
433,531,1,5.0,9.0,21.0,27.0,35.0,45
432,532,16,17.0,23.0,24.0,29.0,44.0,3
431,533,9,14.0,15.0,17.0,31.0,33.0,23
430,534,10,24.0,26.0,29.0,37.0,38.0,32
429,535,11,12.0,14.0,15.0,18.0,39.0,34
428,536,7,8.0,18.0,32.0,37.0,43.0,12
427,537,12,23.0,26.0,30.0,36.0,43.0,11
426,538,6,10.0,18.0,31.0,32.0,34.0,11
425,539,3,19.0,22.0,31.0,42.0,43.0,26
424,540,3,12.0,13.0,15.0,34.0,36.0,14
423,541,8,13.0,26.0,28.0,32.0,34.0,43
422,542,5,6.0,19.0,26.0,41.0,45.0,34
421,543,13,18.0,26.0,31.0,34.0,44.0,12
420,544,5,17.0,21.0,25.0,36.0,44.0,10
419,545,4,24.0,25.0,27.0,34.0,35.0,2
418,546,8,17.0,20.0,27.0,37.0,43.0,6
417,547,6,7.0,15.0,22.0,34.0,39.0,28
416,548,1,12.0,13.0,21.0,32.0,45.0,14
415,549,29,31.0,35.0,38.0,40.0,44.0,17
414,550,1,7.0,14.0,20.0,34.0,37.0,41
413,551,3,6.0,20.0,24.0,27.0,44.0,25
412,552,1,10.0,20.0,32.0,35.0,40.0,43
411,553,2,7.0,17.0,28.0,29.0,39.0,37
410,554,13,14.0,17.0,32.0,41.0,42.0,6
409,555,11,17.0,21.0,24.0,26.0,36.0,12
408,556,12,20.0,23.0,28.0,30.0,44.0,43
407,557,4,20.0,26.0,28.0,35.0,40.0,31
406,558,12,15.0,19.0,26.0,40.0,43.0,29
405,559,11,12.0,25.0,32.0,44.0,45.0,23
404,560,1,4.0,20.0,23.0,29.0,45.0,28
403,561,5,7.0,18.0,37.0,42.0,45.0,20
402,562,4,11.0,13.0,17.0,20.0,31.0,33
401,563,5,10.0,16.0,17.0,31.0,32.0,21
400,564,14,19.0,25.0,26.0,27.0,34.0,2
399,565,4,10.0,18.0,27.0,40.0,45.0,38
398,566,4,5.0,6.0,25.0,26.0,43.0,41
397,567,1,10.0,15.0,16.0,32.0,41.0,28
396,568,1,3.0,17.0,20.0,31.0,44.0,40
395,569,3,6.0,13.0,23.0,24.0,35.0,1
394,570,1,12.0,26.0,27.0,29.0,33.0,42
393,571,11,18.0,21.0,26.0,38.0,43.0,29
392,572,3,13.0,18.0,33.0,37.0,45.0,1
391,573,2,4.0,20.0,34.0,35.0,43.0,14
390,574,14,15.0,16.0,19.0,25.0,43.0,2
389,575,2,8.0,20.0,30.0,33.0,34.0,6
388,576,10,11.0,15.0,25.0,35.0,41.0,13
387,577,16,17.0,22.0,31.0,34.0,37.0,33
386,578,5,12.0,14.0,32.0,34.0,42.0,16
385,579,5,7.0,20.0,22.0,37.0,42.0,39
384,580,5,7.0,9.0,11.0,32.0,35.0,33
383,581,3,5.0,14.0,20.0,42.0,44.0,33
382,582,2,12.0,14.0,33.0,40.0,41.0,25
381,583,8,17.0,27.0,33.0,40.0,44.0,24
380,584,7,18.0,30.0,39.0,40.0,41.0,36
379,585,6,7.0,10.0,16.0,38.0,41.0,4
378,586,2,7.0,12.0,15.0,21.0,34.0,5
377,587,14,21.0,29.0,31.0,32.0,37.0,17
376,588,2,8.0,15.0,22.0,25.0,41.0,30
375,589,6,8.0,28.0,33.0,38.0,39.0,22
374,590,20,30.0,36.0,38.0,41.0,45.0,23
373,591,8,13.0,14.0,30.0,38.0,39.0,5
372,592,2,5.0,6.0,13.0,28.0,44.0,43
371,593,9,10.0,13.0,24.0,33.0,38.0,28
370,594,2,8.0,13.0,25.0,28.0,37.0,3
369,595,8,24.0,28.0,35.0,38.0,40.0,5
368,596,3,4.0,12.0,14.0,25.0,43.0,17
367,597,8,10.0,23.0,24.0,35.0,43.0,37
366,598,4,12.0,24.0,33.0,38.0,45.0,22
365,599,5,12.0,17.0,29.0,34.0,35.0,27
364,600,5,11.0,14.0,27.0,29.0,36.0,44
363,601,2,16.0,19.0,31.0,34.0,35.0,37
362,602,13,14.0,22.0,27.0,30.0,38.0,2
361,603,2,19.0,25.0,26.0,27.0,43.0,28
360,604,2,6.0,18.0,21.0,33.0,34.0,30
359,605,1,2.0,7.0,9.0,10.0,38.0,42
358,606,1,5.0,6.0,14.0,20.0,39.0,22
357,607,8,14.0,23.0,36.0,38.0,39.0,13
356,608,4,8.0,18.0,19.0,39.0,44.0,41
355,609,4,8.0,27.0,34.0,39.0,40.0,13
354,610,14,18.0,20.0,23.0,28.0,36.0,33
353,611,2,22.0,27.0,33.0,36.0,37.0,14
352,612,6,9.0,18.0,19.0,25.0,33.0,40
351,613,7,8.0,11.0,16.0,41.0,44.0,35
350,614,8,21.0,25.0,39.0,40.0,44.0,18
349,615,10,17.0,18.0,19.0,23.0,27.0,35
348,616,5,13.0,18.0,23.0,40.0,45.0,3
347,617,4,5.0,11.0,12.0,24.0,27.0,28
346,618,8,16.0,25.0,30.0,42.0,43.0,15
345,619,6,8.0,13.0,30.0,35.0,40.0,21
344,620,2,16.0,17.0,32.0,39.0,45.0,40
343,621,1,2.0,6.0,16.0,19.0,42.0,9
342,622,9,15.0,16.0,21.0,28.0,34.0,24
341,623,7,13.0,30.0,39.0,41.0,45.0,25
340,624,1,7.0,19.0,26.0,27.0,35.0,16
339,625,3,6.0,7.0,20.0,21.0,39.0,13
338,626,13,14.0,26.0,33.0,40.0,43.0,15
337,627,2,9.0,22.0,25.0,31.0,45.0,12
336,628,1,7.0,12.0,15.0,23.0,42.0,11
335,629,19,28.0,31.0,38.0,43.0,44.0,1
334,630,8,17.0,21.0,24.0,27.0,31.0,15
333,631,1,2.0,4.0,23.0,31.0,34.0,8
332,632,15,18.0,21.0,32.0,35.0,44.0,6
331,633,9,12.0,19.0,20.0,39.0,41.0,13
330,634,4,10.0,11.0,12.0,20.0,27.0,38
329,635,11,13.0,25.0,26.0,29.0,33.0,32
328,636,6,7.0,15.0,16.0,20.0,31.0,26
327,637,3,16.0,22.0,37.0,38.0,44.0,23
326,638,7,18.0,22.0,24.0,31.0,34.0,6
325,639,6,15.0,22.0,23.0,25.0,32.0,40
324,640,14,15.0,18.0,21.0,26.0,35.0,23
323,641,11,18.0,21.0,36.0,37.0,43.0,12
322,642,8,17.0,18.0,24.0,39.0,45.0,32
321,643,15,24.0,31.0,32.0,33.0,40.0,13
320,644,5,13.0,17.0,23.0,28.0,36.0,8
319,645,1,4.0,16.0,26.0,40.0,41.0,31
318,646,2,9.0,24.0,41.0,43.0,45.0,30
317,647,5,16.0,21.0,23.0,24.0,30.0,29
316,648,13,19.0,28.0,37.0,38.0,43.0,4
315,649,3,21.0,22.0,33.0,41.0,42.0,20
314,650,3,4.0,7.0,11.0,31.0,41.0,35
313,651,11,12.0,16.0,26.0,29.0,44.0,18
312,652,3,13.0,15.0,40.0,41.0,44.0,20
311,653,5,6.0,26.0,27.0,38.0,39.0,1
310,654,16,21.0,26.0,31.0,36.0,43.0,6
309,655,7,37.0,38.0,39.0,40.0,44.0,18
308,656,3,7.0,14.0,16.0,31.0,40.0,39
307,657,10,14.0,19.0,39.0,40.0,43.0,23
306,658,8,19.0,25.0,28.0,32.0,36.0,37
305,659,7,18.0,19.0,27.0,29.0,42.0,45
304,660,4,9.0,23.0,33.0,39.0,44.0,14
303,661,2,3.0,12.0,20.0,27.0,38.0,40
302,662,5,6.0,9.0,11.0,15.0,37.0,26
301,663,3,5.0,8.0,19.0,38.0,42.0,20
300,664,10,20.0,33.0,36.0,41.0,44.0,5
299,665,5,6.0,11.0,17.0,38.0,44.0,13
298,666,2,4.0,6.0,11.0,17.0,28.0,16
297,667,15,17.0,25.0,37.0,42.0,43.0,13
296,668,12,14.0,15.0,24.0,27.0,32.0,3
295,669,7,8.0,20.0,29.0,33.0,38.0,9
294,670,11,18.0,26.0,27.0,40.0,41.0,25
293,671,7,9.0,10.0,13.0,31.0,35.0,24
292,672,8,21.0,28.0,31.0,36.0,45.0,43
291,673,7,10.0,17.0,29.0,33.0,44.0,5
290,674,9,10.0,14.0,25.0,27.0,31.0,11
289,675,1,8.0,11.0,15.0,18.0,45.0,7
288,676,1,8.0,17.0,34.0,39.0,45.0,27
287,677,12,15.0,24.0,36.0,41.0,44.0,42
286,678,4,5.0,6.0,12.0,25.0,37.0,45
285,679,3,5.0,7.0,14.0,26.0,34.0,35
284,680,4,10.0,19.0,29.0,32.0,42.0,30
283,681,21,24.0,27.0,29.0,43.0,44.0,7
282,682,17,23.0,27.0,35.0,38.0,43.0,2
281,683,6,13.0,20.0,27.0,28.0,40.0,15
280,684,1,11.0,15.0,17.0,25.0,39.0,40
279,685,6,7.0,12.0,28.0,38.0,40.0,18
278,686,7,12.0,15.0,24.0,25.0,43.0,13
277,687,1,8.0,10.0,13.0,28.0,42.0,45
276,688,5,15.0,22.0,23.0,34.0,35.0,2
275,689,7,17.0,19.0,30.0,36.0,38.0,34
274,690,24,25.0,33.0,34.0,38.0,39.0,43
273,691,15,27.0,33.0,35.0,43.0,45.0,16
272,692,3,11.0,14.0,15.0,32.0,36.0,44
271,693,1,6.0,11.0,28.0,34.0,42.0,30
270,694,7,15.0,20.0,25.0,33.0,43.0,12
269,695,4,18.0,26.0,33.0,34.0,38.0,14
268,696,1,7.0,16.0,18.0,34.0,38.0,21
267,697,2,5.0,8.0,11.0,33.0,39.0,31
266,698,3,11.0,13.0,21.0,33.0,37.0,18
265,699,4,5.0,8.0,16.0,21.0,29.0,3
264,700,11,23.0,28.0,29.0,30.0,44.0,13
263,701,3,10.0,14.0,16.0,36.0,38.0,35
262,702,3,13.0,16.0,24.0,26.0,29.0,9
261,703,10,28.0,31.0,33.0,41.0,44.0,21
260,704,1,4.0,8.0,23.0,33.0,42.0,45
259,705,1,6.0,17.0,22.0,28.0,45.0,23
258,706,3,4.0,6.0,10.0,28.0,30.0,37
257,707,2,12.0,19.0,24.0,39.0,44.0,35
256,708,2,10.0,16.0,19.0,34.0,45.0,1
255,709,10,18.0,30.0,36.0,39.0,44.0,32
254,710,3,4.0,9.0,24.0,25.0,33.0,10
253,711,11,15.0,24.0,35.0,37.0,45.0,42
252,712,17,20.0,30.0,31.0,33.0,45.0,19
251,713,2,5.0,15.0,18.0,19.0,23.0,44
250,714,1,7.0,22.0,33.0,37.0,40.0,20
249,715,2,7.0,27.0,33.0,41.0,44.0,10
248,716,2,6.0,13.0,16.0,29.0,30.0,21
247,717,2,11.0,19.0,25.0,28.0,32.0,44
246,718,4,11.0,20.0,23.0,32.0,39.0,40
245,719,4,8.0,13.0,19.0,20.0,43.0,26
244,720,1,12.0,29.0,34.0,36.0,37.0,41
243,721,1,28.0,35.0,41.0,43.0,44.0,31
242,722,12,14.0,21.0,30.0,39.0,43.0,45
241,723,20,30.0,33.0,35.0,36.0,44.0,22
240,724,2,8.0,33.0,35.0,37.0,41.0,14
239,725,6,7.0,19.0,21.0,41.0,43.0,38
238,726,1,11.0,21.0,23.0,34.0,44.0,24
237,727,7,8.0,10.0,19.0,21.0,31.0,20
236,728,3,6.0,10.0,30.0,34.0,37.0,36
235,729,11,17.0,21.0,26.0,36.0,45.0,16
234,730,4,10.0,14.0,15.0,18.0,22.0,39
233,731,2,7.0,13.0,25.0,42.0,45.0,39
232,732,2,4.0,5.0,17.0,27.0,32.0,43
231,733,11,24.0,32.0,33.0,35.0,40.0,13
230,734,6,16.0,37.0,38.0,41.0,45.0,18
229,735,5,10.0,13.0,27.0,37.0,41.0,4
228,736,2,11.0,17.0,18.0,21.0,27.0,6
227,737,13,15.0,18.0,24.0,27.0,41.0,11
226,738,23,27.0,28.0,38.0,42.0,43.0,36
225,739,7,22.0,29.0,33.0,34.0,35.0,30
224,740,4,8.0,9.0,16.0,17.0,19.0,31
223,741,5,21.0,27.0,34.0,44.0,45.0,16
222,742,8,10.0,13.0,36.0,37.0,40.0,6
221,743,15,19.0,21.0,34.0,41.0,44.0,10
220,744,10,15.0,18.0,21.0,34.0,41.0,43
219,745,1,2.0,3.0,9.0,12.0,23.0,10
218,746,3,12.0,33.0,36.0,42.0,45.0,25
217,747,7,9.0,12.0,14.0,23.0,28.0,17
216,748,3,10.0,13.0,22.0,31.0,32.0,29
215,749,12,14.0,24.0,26.0,34.0,45.0,41
214,750,1,2.0,15.0,19.0,24.0,36.0,12
213,751,3,4.0,16.0,20.0,28.0,44.0,17
212,752,4,16.0,20.0,33.0,40.0,43.0,7
211,753,2,17.0,19.0,24.0,37.0,41.0,3
210,754,2,8.0,17.0,24.0,29.0,31.0,32
209,755,13,14.0,26.0,28.0,30.0,36.0,37
208,756,10,14.0,16.0,18.0,27.0,28.0,4
207,757,6,7.0,11.0,17.0,33.0,44.0,1
206,758,5,9.0,12.0,30.0,39.0,43.0,24
205,759,9,33.0,36.0,40.0,42.0,43.0,32
204,760,10,22.0,27.0,31.0,42.0,43.0,12
203,761,4,7.0,11.0,24.0,42.0,45.0,30
202,762,1,3.0,12.0,21.0,26.0,41.0,16
201,763,3,8.0,16.0,32.0,34.0,43.0,10
200,764,7,22.0,24.0,31.0,34.0,36.0,15
199,765,1,3.0,8.0,12.0,42.0,43.0,33
198,766,9,30.0,34.0,35.0,39.0,41.0,21
197,767,5,15.0,20.0,31.0,34.0,42.0,22
196,768,7,27.0,29.0,30.0,38.0,44.0,4
195,769,5,7.0,11.0,16.0,41.0,45.0,4
194,770,1,9.0,12.0,23.0,39.0,43.0,34
193,771,6,10.0,17.0,18.0,21.0,29.0,30
192,772,5,6.0,11.0,14.0,21.0,41.0,32
191,773,8,12.0,19.0,21.0,31.0,35.0,44
190,774,12,15.0,18.0,28.0,34.0,42.0,9
189,775,11,12.0,29.0,33.0,38.0,42.0,17
188,776,8,9.0,18.0,21.0,28.0,40.0,20
187,777,6,12.0,17.0,21.0,34.0,37.0,18
186,778,6,21.0,35.0,36.0,37.0,41.0,11
185,779,6,12.0,19.0,24.0,34.0,41.0,4
184,780,15,17.0,19.0,21.0,27.0,45.0,16
183,781,11,16.0,18.0,19.0,24.0,39.0,43
182,782,6,18.0,31.0,34.0,38.0,45.0,20
181,783,14,15.0,16.0,17.0,38.0,45.0,36
180,784,3,10.0,23.0,24.0,31.0,39.0,22
179,785,4,6.0,15.0,25.0,26.0,33.0,40
178,786,12,15.0,16.0,20.0,24.0,30.0,38
177,787,5,6.0,13.0,16.0,27.0,28.0,9
176,788,2,10.0,11.0,19.0,35.0,39.0,29
175,789,2,6.0,7.0,12.0,19.0,45.0,38
174,790,3,8.0,19.0,27.0,30.0,41.0,12
173,791,2,10.0,12.0,31.0,33.0,42.0,32
172,792,2,7.0,19.0,25.0,29.0,36.0,16
171,793,10,15.0,21.0,35.0,38.0,43.0,31
170,794,6,7.0,18.0,19.0,30.0,38.0,13
169,795,3,10.0,13.0,26.0,34.0,38.0,36
168,796,1,21.0,26.0,36.0,40.0,41.0,5
167,797,5,22.0,31.0,32.0,39.0,45.0,36
166,798,2,10.0,14.0,22.0,32.0,36.0,41
165,799,12,17.0,23.0,34.0,42.0,45.0,33
164,800,1,4.0,10.0,12.0,28.0,45.0,26
163,801,17,25.0,28.0,37.0,43.0,44.0,2
162,802,10,11.0,12.0,18.0,24.0,42.0,27
161,803,5,9.0,14.0,26.0,30.0,43.0,2
160,804,1,10.0,13.0,26.0,32.0,36.0,9
159,805,3,12.0,13.0,18.0,31.0,32.0,42
158,806,14,20.0,23.0,31.0,37.0,38.0,27
157,807,6,10.0,18.0,25.0,34.0,35.0,33
156,808,15,21.0,31.0,32.0,41.0,43.0,24
155,809,6,11.0,15.0,17.0,23.0,40.0,39
154,810,5,10.0,13.0,21.0,39.0,43.0,11
153,811,8,11.0,19.0,21.0,36.0,45.0,25
152,812,1,3.0,12.0,14.0,16.0,43.0,10
151,813,11,30.0,34.0,35.0,42.0,44.0,27
150,814,2,21.0,28.0,38.0,42.0,45.0,30
149,815,17,21.0,25.0,26.0,27.0,36.0,4
148,816,12,18.0,19.0,29.0,31.0,39.0,7
147,817,3,9.0,12.0,13.0,25.0,43.0,34
146,818,14,15.0,25.0,28.0,29.0,30.0,3
145,819,16,25.0,33.0,38.0,40.0,45.0,15
144,820,10,21.0,22.0,30.0,35.0,42.0,6
143,821,1,12.0,13.0,24.0,29.0,44.0,16
142,822,9,18.0,20.0,24.0,27.0,36.0,12
141,823,12,18.0,24.0,26.0,39.0,40.0,15
140,824,7,9.0,24.0,29.0,34.0,38.0,26
139,825,8,15.0,21.0,31.0,33.0,38.0,42
138,826,13,16.0,24.0,25.0,33.0,36.0,42
137,827,5,11.0,12.0,29.0,33.0,44.0,14
136,828,4,7.0,13.0,29.0,31.0,39.0,18
135,829,4,5.0,31.0,35.0,43.0,45.0,29
134,830,5,6.0,16.0,18.0,37.0,38.0,17
133,831,3,10.0,16.0,19.0,31.0,39.0,9
132,832,13,14.0,19.0,26.0,40.0,43.0,30
131,833,12,18.0,30.0,39.0,41.0,42.0,19
130,834,6,8.0,18.0,35.0,42.0,43.0,3
129,835,9,10.0,13.0,28.0,38.0,45.0,35
128,836,1,9.0,11.0,14.0,26.0,28.0,19
127,837,2,25.0,28.0,30.0,33.0,45.0,6
126,838,9,14.0,17.0,33.0,36.0,38.0,20
125,839,3,9.0,11.0,12.0,13.0,19.0,35
124,840,2,4.0,11.0,28.0,29.0,43.0,27
123,841,5,11.0,14.0,30.0,33.0,38.0,24
122,842,14,26.0,32.0,36.0,39.0,42.0,38
121,843,19,21.0,30.0,33.0,34.0,42.0,4
120,844,7,8.0,13.0,15.0,33.0,45.0,18
119,845,1,16.0,29.0,33.0,40.0,45.0,6
118,846,5,18.0,30.0,41.0,43.0,45.0,13
117,847,12,16.0,26.0,28.0,30.0,42.0,22
116,848,1,2.0,16.0,22.0,38.0,39.0,34
115,849,5,13.0,17.0,29.0,34.0,39.0,3
114,850,16,20.0,24.0,28.0,36.0,39.0,5
113,851,14,18.0,22.0,26.0,31.0,44.0,40
112,852,11,17.0,28.0,30.0,33.0,35.0,9
111,853,2,8.0,23.0,26.0,27.0,44.0,13
110,854,20,25.0,31.0,32.0,36.0,43.0,3
109,855,8,15.0,17.0,19.0,43.0,44.0,7
108,856,10,24.0,40.0,41.0,43.0,44.0,17
107,857,6,10.0,16.0,28.0,34.0,38.0,43
106,858,9,13.0,32.0,38.0,39.0,43.0,23
105,859,8,22.0,35.0,38.0,39.0,41.0,24
104,860,4,8.0,18.0,25.0,27.0,32.0,42
103,861,11,17.0,19.0,21.0,22.0,25.0,24
102,862,10,34.0,38.0,40.0,42.0,43.0,32
101,863,16,21.0,28.0,35.0,39.0,43.0,12
100,864,3,7.0,10.0,13.0,25.0,36.0,32
99,865,3,15.0,22.0,32.0,33.0,45.0,2
98,866,9,15.0,29.0,34.0,37.0,39.0,12
97,867,14,17.0,19.0,22.0,24.0,40.0,41
96,868,12,17.0,28.0,41.0,43.0,44.0,25
95,869,2,6.0,20.0,27.0,37.0,39.0,4
94,870,21,25.0,30.0,32.0,40.0,42.0,31
93,871,2,6.0,12.0,26.0,30.0,34.0,38
92,872,2,4.0,30.0,32.0,33.0,43.0,29
91,873,3,5.0,12.0,13.0,33.0,39.0,38
90,874,1,15.0,19.0,23.0,28.0,42.0,32
89,875,19,22.0,30.0,34.0,39.0,44.0,36
88,876,5,16.0,21.0,26.0,34.0,42.0,24
87,877,5,17.0,18.0,22.0,23.0,43.0,12
86,878,2,6.0,11.0,16.0,25.0,31.0,3
85,879,1,4.0,10.0,14.0,15.0,35.0,20
84,880,7,17.0,19.0,23.0,24.0,45.0,38
83,881,4,18.0,20.0,26.0,27.0,32.0,9
82,882,18,34.0,39.0,43.0,44.0,45.0,23
81,883,9,18.0,32.0,33.0,37.0,44.0,22
80,884,4,14.0,23.0,28.0,37.0,45.0,17
79,885,1,3.0,24.0,27.0,39.0,45.0,31
78,886,19,23.0,28.0,37.0,42.0,45.0,2
77,887,8,14.0,17.0,27.0,36.0,45.0,10
76,888,3,7.0,12.0,31.0,34.0,38.0,32
75,889,3,13.0,29.0,38.0,39.0,42.0,26
74,890,1,4.0,14.0,18.0,29.0,37.0,6
73,891,9,13.0,28.0,31.0,39.0,41.0,19
72,892,4,9.0,17.0,18.0,26.0,42.0,36
71,893,1,15.0,17.0,23.0,25.0,41.0,10
70,894,19,32.0,37.0,40.0,41.0,43.0,45
69,895,16,26.0,31.0,38.0,39.0,41.0,23
68,896,5,12.0,25.0,26.0,38.0,45.0,23
67,897,6,7.0,12.0,22.0,26.0,36.0,29
66,898,18,21.0,28.0,35.0,37.0,42.0,17
65,899,8,19.0,20.0,21.0,33.0,39.0,37
64,900,7,13.0,16.0,18.0,35.0,38.0,14
63,901,5,18.0,20.0,23.0,30.0,34.0,21
62,902,7,19.0,23.0,24.0,36.0,39.0,30
61,903,2,15.0,16.0,21.0,22.0,28.0,45
60,904,2,6.0,8.0,26.0,43.0,45.0,11
59,905,3,4.0,16.0,27.0,38.0,40.0,20
58,906,2,5.0,14.0,28.0,31.0,32.0,20
57,907,21,27.0,29.0,38.0,40.0,44.0,37
56,908,3,16.0,21.0,22.0,23.0,44.0,30
55,909,7,24.0,29.0,30.0,34.0,35.0,33
54,910,1,11.0,17.0,27.0,35.0,39.0,31
53,911,4,5.0,12.0,14.0,32.0,42.0,35
52,912,5,8.0,18.0,21.0,22.0,38.0,10
51,913,6,14.0,16.0,21.0,27.0,37.0,40
50,914,16,19.0,24.0,33.0,42.0,44.0,27
49,915,2,6.0,11.0,13.0,22.0,37.0,14
48,916,6,21.0,22.0,32.0,35.0,36.0,17
47,917,1,3.0,23.0,24.0,27.0,43.0,34
46,918,7,11.0,12.0,31.0,33.0,38.0,5
45,919,9,14.0,17.0,18.0,42.0,44.0,35
44,920,2,3.0,26.0,33.0,34.0,43.0,29
43,921,5,7.0,12.0,22.0,28.0,41.0,1
42,922,2,6.0,13.0,17.0,27.0,43.0,36
41,923,3,17.0,18.0,23.0,36.0,41.0,26
40,924,3,11.0,34.0,42.0,43.0,44.0,13
39,925,13,24.0,32.0,34.0,39.0,42.0,4
38,926,10,16.0,18.0,20.0,25.0,31.0,6
37,927,4,15.0,22.0,38.0,41.0,43.0,26
36,928,3,4.0,10.0,20.0,28.0,44.0,30
35,929,7,9.0,12.0,15.0,19.0,23.0,4
34,930,8,21.0,25.0,38.0,39.0,44.0,28
33,931,14,15.0,23.0,25.0,35.0,43.0,32
32,932,1,6.0,15.0,36.0,37.0,38.0,5
31,933,23,27.0,29.0,31.0,36.0,45.0,37
30,934,1,3.0,30.0,33.0,36.0,39.0,12
29,935,4,10.0,20.0,32.0,38.0,44.0,18
28,936,7,11.0,13.0,17.0,18.0,29.0,43
27,937,2,10.0,13.0,22.0,29.0,40.0,26
26,938,4,8.0,10.0,16.0,31.0,36.0,9
25,939,4,11.0,28.0,39.0,42.0,45.0,6
24,940,3,15.0,20.0,22.0,24.0,41.0,11
23,941,12,14.0,25.0,27.0,39.0,40.0,35
22,942,10,12.0,18.0,35.0,42.0,43.0,39
21,943,1,8.0,13.0,36.0,44.0,45.0,39
20,944,2,13.0,16.0,19.0,32.0,33.0,42
19,945,9,10.0,15.0,30.0,33.0,37.0,26
18,946,9,18.0,19.0,30.0,34.0,40.0,20
17,947,3,8.0,17.0,20.0,27.0,35.0,26
16,948,13,18.0,30.0,31.0,38.0,41.0,5
15,949,14,21.0,35.0,36.0,40.0,44.0,30
14,950,3,4.0,15.0,22.0,28.0,40.0,10
13,951,2,12.0,30.0,31.0,39.0,43.0,38
12,952,4,12.0,22.0,24.0,33.0,41.0,38
11,953,7,9.0,22.0,27.0,37.0,42.0,34
10,954,1,9.0,26.0,28.0,30.0,41.0,32
9,955,4,9.0,23.0,26.0,29.0,33.0,8
8,956,10,11.0,20.0,21.0,25.0,41.0,40
7,957,4,15.0,24.0,35.0,36.0,40.0,1
6,958,2,9.0,10.0,16.0,35.0,37.0,1
5,959,1,14.0,15.0,24.0,40.0,41.0,35
4,960,2,18.0,24.0,30.0,32.0,45.0,14
3,961,11,20.0,29.0,31.0,33.0,42.0,43
